"Subset_Type","Metric","Lambda_Target","Nominal_N","Target_Interval_Width_95","Interval_Width_95","Prediction_Metric_ESS","Prediction_Metric_ESS_Label","Benchmark_N_Min","Benchmark_N_Max","Match_Status","ESS_Status","N","s","Covariance_Model","Covariance_Param","Covariance_Param_Label","Condition","Random_ID"
"clustered","MAE",NA,8,1.72000663282206,1.72000663282206,NA,"<4",4,32,"below_benchmark_range","<4",128,8,"BM",NA,"BM","BM_target",NA
"clustered","R2",NA,8,118.472628152955,118.472628152955,NA,"<4",4,32,"below_benchmark_range","<4",128,8,"BM",NA,"BM","BM_target",NA
"clustered","RMSE",NA,8,1.69926806515788,1.69926806515788,NA,"<4",4,32,"below_benchmark_range","<4",128,8,"BM",NA,"BM","BM_target",NA
"clustered","MAE",NA,8,1.51245152005822,1.51245152005822,NA,"<4",4,32,"below_benchmark_range","<4",128,8,"EB",-1,"EB r=-1.00","covariance_sensitivity_target",NA
"clustered","R2",NA,8,45.1666901318985,45.1666901318985,NA,"<4",4,32,"below_benchmark_range","<4",128,8,"EB",-1,"EB r=-1.00","covariance_sensitivity_target",NA
"clustered","RMSE",NA,8,1.50805415005317,1.50805415005317,NA,"<4",4,32,"below_benchmark_range","<4",128,8,"EB",-1,"EB r=-1.00","covariance_sensitivity_target",NA
"clustered","MAE",NA,8,1.88362451146615,1.88362451146615,NA,"<4",4,32,"below_benchmark_range","<4",128,8,"EB",-0.5,"EB r=-0.50","covariance_sensitivity_target",NA
"clustered","R2",NA,8,49.257172291135,49.257172291135,NA,"<4",4,32,"below_benchmark_range","<4",128,8,"EB",-0.5,"EB r=-0.50","covariance_sensitivity_target",NA
"clustered","RMSE",NA,8,1.87561121150465,1.87561121150465,NA,"<4",4,32,"below_benchmark_range","<4",128,8,"EB",-0.5,"EB r=-0.50","covariance_sensitivity_target",NA
"clustered","MAE",NA,8,1.82328819210574,1.82328819210574,NA,"<4",4,32,"below_benchmark_range","<4",128,8,"EB",-0.1,"EB r=-0.10","covariance_sensitivity_target",NA
"clustered","R2",NA,8,95.5082862684488,95.5082862684488,NA,"<4",4,32,"below_benchmark_range","<4",128,8,"EB",-0.1,"EB r=-0.10","covariance_sensitivity_target",NA
"clustered","RMSE",NA,8,1.81835951584882,1.81835951584882,NA,"<4",4,32,"below_benchmark_range","<4",128,8,"EB",-0.1,"EB r=-0.10","covariance_sensitivity_target",NA
"clustered","MAE",NA,8,0.856293532995163,0.856293532995163,5.60701902043255,"5.61",4,32,"interpolated","interpolated",128,8,"lambda_BM",0,"lambda=0.00","lambda0_independent_target",NA
"clustered","R2",NA,8,4.68645070147741,4.68645070147741,7.27378658917447,"7.27",4,32,"interpolated","interpolated",128,8,"lambda_BM",0,"lambda=0.00","lambda0_independent_target",NA
"clustered","RMSE",NA,8,0.932204521485842,0.932204521485842,5.89212494285766,"5.89",4,32,"interpolated","interpolated",128,8,"lambda_BM",0,"lambda=0.00","lambda0_independent_target",NA
"clustered","MAE",NA,8,0.881910523055213,0.881910523055213,5.39497824401474,"5.39",4,32,"interpolated","interpolated",128,8,"lambda_BM",0.1,"lambda=0.10","covariance_sensitivity_target",NA
"clustered","R2",NA,8,5.3045879955488,5.3045879955488,6.83258089729595,"6.83",4,32,"interpolated","interpolated",128,8,"lambda_BM",0.1,"lambda=0.10","covariance_sensitivity_target",NA
"clustered","RMSE",NA,8,0.873707778537298,0.873707778537298,6.90145422806695,"6.90",4,32,"interpolated","interpolated",128,8,"lambda_BM",0.1,"lambda=0.10","covariance_sensitivity_target",NA
"clustered","MAE",NA,8,0.854807839905676,0.854807839905676,5.61931662118404,"5.62",4,32,"interpolated","interpolated",128,8,"lambda_BM",0.25,"lambda=0.25","covariance_sensitivity_target",NA
"clustered","R2",NA,8,6.73049705679672,6.73049705679672,6.31894826437351,"6.32",4,32,"interpolated","interpolated",128,8,"lambda_BM",0.25,"lambda=0.25","covariance_sensitivity_target",NA
"clustered","RMSE",NA,8,0.959788773872386,0.959788773872386,5.67679581720556,"5.68",4,32,"interpolated","interpolated",128,8,"lambda_BM",0.25,"lambda=0.25","covariance_sensitivity_target",NA
"clustered","MAE",NA,8,1.31532389036495,1.31532389036495,NA,"<4",4,32,"below_benchmark_range","<4",128,8,"lambda_BM",0.5,"lambda=0.50","covariance_sensitivity_target",NA
"clustered","R2",NA,8,11.8202858019495,11.8202858019495,4.37725868345735,"4.38",4,32,"interpolated","interpolated",128,8,"lambda_BM",0.5,"lambda=0.50","covariance_sensitivity_target",NA
"clustered","RMSE",NA,8,1.38098258127139,1.38098258127139,NA,"<4",4,32,"below_benchmark_range","<4",128,8,"lambda_BM",0.5,"lambda=0.50","covariance_sensitivity_target",NA
"clustered","MAE",NA,8,1.21405480068754,1.21405480068754,NA,"<4",4,32,"below_benchmark_range","<4",128,8,"lambda_BM",0.75,"lambda=0.75","covariance_sensitivity_target",NA
"clustered","R2",NA,8,14.4788911082073,14.4788911082073,NA,"<4",4,32,"below_benchmark_range","<4",128,8,"lambda_BM",0.75,"lambda=0.75","covariance_sensitivity_target",NA
"clustered","RMSE",NA,8,1.2160482152519,1.2160482152519,NA,"<4",4,32,"below_benchmark_range","<4",128,8,"lambda_BM",0.75,"lambda=0.75","covariance_sensitivity_target",NA
"clustered","MAE",NA,8,1.75886577297137,1.75886577297137,NA,"<4",4,32,"below_benchmark_range","<4",128,8,"lambda_BM",1,"lambda=1.00","covariance_sensitivity_target",NA
"clustered","R2",NA,8,82.6197043655384,82.6197043655384,NA,"<4",4,32,"below_benchmark_range","<4",128,8,"lambda_BM",1,"lambda=1.00","covariance_sensitivity_target",NA
"clustered","RMSE",NA,8,1.74289915725794,1.74289915725794,NA,"<4",4,32,"below_benchmark_range","<4",128,8,"lambda_BM",1,"lambda=1.00","covariance_sensitivity_target",NA
"clustered","MAE",NA,8,0.827641847021475,0.827641847021475,5.84417903514539,"5.84",4,32,"interpolated","interpolated",128,8,"OU",0.05,"h/H=0.05","covariance_sensitivity_target",NA
"clustered","R2",NA,8,5.18381334220623,5.18381334220623,6.87608563744561,"6.88",4,32,"interpolated","interpolated",128,8,"OU",0.05,"h/H=0.05","covariance_sensitivity_target",NA
"clustered","RMSE",NA,8,0.93829707331283,0.93829707331283,5.84456505834415,"5.84",4,32,"interpolated","interpolated",128,8,"OU",0.05,"h/H=0.05","covariance_sensitivity_target",NA
"clustered","MAE",NA,8,1.03204044771019,1.03204044771019,4.15230040743961,"4.15",4,32,"interpolated","interpolated",128,8,"OU",0.1,"h/H=0.10","covariance_sensitivity_target",NA
"clustered","R2",NA,8,5.95655299168782,5.95655299168782,6.59773387469053,"6.60",4,32,"interpolated","interpolated",128,8,"OU",0.1,"h/H=0.10","covariance_sensitivity_target",NA
"clustered","RMSE",NA,8,1.12130452608167,1.12130452608167,4.41596607946603,"4.42",4,32,"interpolated","interpolated",128,8,"OU",0.1,"h/H=0.10","covariance_sensitivity_target",NA
"clustered","MAE",NA,8,1.25297934497181,1.25297934497181,NA,"<4",4,32,"below_benchmark_range","<4",128,8,"OU",0.25,"h/H=0.25","covariance_sensitivity_target",NA
"clustered","R2",NA,8,10.5537291290075,10.5537291290075,4.92950986854964,"4.93",4,32,"interpolated","interpolated",128,8,"OU",0.25,"h/H=0.25","covariance_sensitivity_target",NA
"clustered","RMSE",NA,8,1.29567292215837,1.29567292215837,NA,"<4",4,32,"below_benchmark_range","<4",128,8,"OU",0.25,"h/H=0.25","covariance_sensitivity_target",NA
"clustered","MAE",NA,8,1.47728170943612,1.47728170943612,NA,"<4",4,32,"below_benchmark_range","<4",128,8,"OU",0.5,"h/H=0.50","covariance_sensitivity_target",NA
"clustered","R2",NA,8,38.5483552391818,38.5483552391818,NA,"<4",4,32,"below_benchmark_range","<4",128,8,"OU",0.5,"h/H=0.50","covariance_sensitivity_target",NA
"clustered","RMSE",NA,8,1.55189564986299,1.55189564986299,NA,"<4",4,32,"below_benchmark_range","<4",128,8,"OU",0.5,"h/H=0.50","covariance_sensitivity_target",NA
"clustered","MAE",NA,8,2.03303856733756,2.03303856733756,NA,"<4",4,32,"below_benchmark_range","<4",128,8,"OU",1,"h/H=1.00","covariance_sensitivity_target",NA
"clustered","R2",NA,8,128.459722422638,128.459722422638,NA,"<4",4,32,"below_benchmark_range","<4",128,8,"OU",1,"h/H=1.00","covariance_sensitivity_target",NA
"clustered","RMSE",NA,8,2.01561986227956,2.01561986227956,NA,"<4",4,32,"below_benchmark_range","<4",128,8,"OU",1,"h/H=1.00","covariance_sensitivity_target",NA
"dispersed","MAE",NA,8,0.957214582439976,0.957214582439976,4.77166023585187,"4.77",4,32,"interpolated","interpolated",128,8,"BM",NA,"BM","BM_target",NA
"dispersed","R2",NA,8,7.50779697951329,7.50779697951329,6.03895382663152,"6.04",4,32,"interpolated","interpolated",128,8,"BM",NA,"BM","BM_target",NA
"dispersed","RMSE",NA,8,1.05749543928416,1.05749543928416,4.91407473494909,"4.91",4,32,"interpolated","interpolated",128,8,"BM",NA,"BM","BM_target",NA
"dispersed","MAE",NA,8,0.870640609697453,0.870640609697453,5.48826325419506,"5.49",4,32,"interpolated","interpolated",128,8,"EB",-1,"EB r=-1.00","covariance_sensitivity_target",NA
"dispersed","R2",NA,8,4.65352284525933,4.65352284525933,7.33257090797169,"7.33",4,32,"interpolated","interpolated",128,8,"EB",-1,"EB r=-1.00","covariance_sensitivity_target",NA
"dispersed","RMSE",NA,8,1.00752030631081,1.00752030631081,5.30419231133655,"5.30",4,32,"interpolated","interpolated",128,8,"EB",-1,"EB r=-1.00","covariance_sensitivity_target",NA
"dispersed","MAE",NA,8,0.798469109715238,0.798469109715238,6.71267073339248,"6.71",4,32,"interpolated","interpolated",128,8,"EB",-0.5,"EB r=-0.50","covariance_sensitivity_target",NA
"dispersed","R2",NA,8,3.66477031866335,3.66477031866335,9.35766171167932,"9.36",4,32,"interpolated","interpolated",128,8,"EB",-0.5,"EB r=-0.50","covariance_sensitivity_target",NA
"dispersed","RMSE",NA,8,0.958056367200807,0.958056367200807,5.69031938886657,"5.69",4,32,"interpolated","interpolated",128,8,"EB",-0.5,"EB r=-0.50","covariance_sensitivity_target",NA
"dispersed","MAE",NA,8,0.902324676221145,0.902324676221145,5.2260031662609,"5.23",4,32,"interpolated","interpolated",128,8,"EB",-0.1,"EB r=-0.10","covariance_sensitivity_target",NA
"dispersed","R2",NA,8,6.79748429220042,6.79748429220042,6.29481851372694,"6.29",4,32,"interpolated","interpolated",128,8,"EB",-0.1,"EB r=-0.10","covariance_sensitivity_target",NA
"dispersed","RMSE",NA,8,0.993528064861593,0.993528064861593,5.41341902065435,"5.41",4,32,"interpolated","interpolated",128,8,"EB",-0.1,"EB r=-0.10","covariance_sensitivity_target",NA
"dispersed","MAE",NA,8,0.735683260633585,0.735683260633585,9.28965714885463,"9.29",4,32,"interpolated","interpolated",128,8,"lambda_BM",0,"lambda=0.00","lambda0_independent_target",NA
"dispersed","R2",NA,8,6.35980499183188,6.35980499183188,6.45247679470258,"6.45",4,32,"interpolated","interpolated",128,8,"lambda_BM",0,"lambda=0.00","lambda0_independent_target",NA
"dispersed","RMSE",NA,8,0.754519396378014,0.754519396378014,9.30630019853247,"9.31",4,32,"interpolated","interpolated",128,8,"lambda_BM",0,"lambda=0.00","lambda0_independent_target",NA
"dispersed","MAE",NA,8,0.697364045545371,0.697364045545371,9.66496072063553,"9.66",4,32,"interpolated","interpolated",128,8,"lambda_BM",0.1,"lambda=0.10","covariance_sensitivity_target",NA
"dispersed","R2",NA,8,3.17276350636106,3.17276350636106,11.7061276772781,"11.71",4,32,"interpolated","interpolated",128,8,"lambda_BM",0.1,"lambda=0.10","covariance_sensitivity_target",NA
"dispersed","RMSE",NA,8,0.78401143072753,0.78401143072753,8.71124387944022,"8.71",4,32,"interpolated","interpolated",128,8,"lambda_BM",0.1,"lambda=0.10","covariance_sensitivity_target",NA
"dispersed","MAE",NA,8,0.72236820791097,0.72236820791097,9.42006657487613,"9.42",4,32,"interpolated","interpolated",128,8,"lambda_BM",0.25,"lambda=0.25","covariance_sensitivity_target",NA
"dispersed","R2",NA,8,5.99807714841229,5.99807714841229,6.58277628550907,"6.58",4,32,"interpolated","interpolated",128,8,"lambda_BM",0.25,"lambda=0.25","covariance_sensitivity_target",NA
"dispersed","RMSE",NA,8,0.838797803201717,0.838797803201717,7.60582752346605,"7.61",4,32,"interpolated","interpolated",128,8,"lambda_BM",0.25,"lambda=0.25","covariance_sensitivity_target",NA
"dispersed","MAE",NA,8,0.876749647812061,0.876749647812061,5.43769661143371,"5.44",4,32,"interpolated","interpolated",128,8,"lambda_BM",0.5,"lambda=0.50","covariance_sensitivity_target",NA
"dispersed","R2",NA,8,4.33887209537011,4.33887209537011,7.89429985469597,"7.89",4,32,"interpolated","interpolated",128,8,"lambda_BM",0.5,"lambda=0.50","covariance_sensitivity_target",NA
"dispersed","RMSE",NA,8,1.01359191648805,1.01359191648805,5.25679590223891,"5.26",4,32,"interpolated","interpolated",128,8,"lambda_BM",0.5,"lambda=0.50","covariance_sensitivity_target",NA
"dispersed","MAE",NA,8,0.809411408017088,0.809411408017088,5.99507874786989,"6.00",4,32,"interpolated","interpolated",128,8,"lambda_BM",0.75,"lambda=0.75","covariance_sensitivity_target",NA
"dispersed","R2",NA,8,4.17615972360664,4.17615972360664,8.18478144179494,"8.18",4,32,"interpolated","interpolated",128,8,"lambda_BM",0.75,"lambda=0.75","covariance_sensitivity_target",NA
"dispersed","RMSE",NA,8,0.949559278027071,0.949559278027071,5.75664965429226,"5.76",4,32,"interpolated","interpolated",128,8,"lambda_BM",0.75,"lambda=0.75","covariance_sensitivity_target",NA
"dispersed","MAE",NA,8,0.886671912493741,0.886671912493741,5.35556656016717,"5.36",4,32,"interpolated","interpolated",128,8,"lambda_BM",1,"lambda=1.00","covariance_sensitivity_target",NA
"dispersed","R2",NA,8,5.69943639048302,5.69943639048302,6.69035091488895,"6.69",4,32,"interpolated","interpolated",128,8,"lambda_BM",1,"lambda=1.00","covariance_sensitivity_target",NA
"dispersed","RMSE",NA,8,1.01588684354415,1.01588684354415,5.23888116489165,"5.24",4,32,"interpolated","interpolated",128,8,"lambda_BM",1,"lambda=1.00","covariance_sensitivity_target",NA
"dispersed","MAE",NA,8,0.773238180692817,0.773238180692817,8.45037583818144,"8.45",4,32,"interpolated","interpolated",128,8,"OU",0.05,"h/H=0.05","covariance_sensitivity_target",NA
"dispersed","R2",NA,8,5.35255595594627,5.35255595594627,6.81530215879539,"6.82",4,32,"interpolated","interpolated",128,8,"OU",0.05,"h/H=0.05","covariance_sensitivity_target",NA
"dispersed","RMSE",NA,8,0.887104716556238,0.887104716556238,6.63114623472268,"6.63",4,32,"interpolated","interpolated",128,8,"OU",0.05,"h/H=0.05","covariance_sensitivity_target",NA
"dispersed","MAE",NA,8,0.851806508060191,0.851806508060191,5.64415969343072,"5.64",4,32,"interpolated","interpolated",128,8,"OU",0.1,"h/H=0.10","covariance_sensitivity_target",NA
"dispersed","R2",NA,8,3.88123598691471,3.88123598691471,8.71129281999527,"8.71",4,32,"interpolated","interpolated",128,8,"OU",0.1,"h/H=0.10","covariance_sensitivity_target",NA
"dispersed","RMSE",NA,8,0.928410380648644,0.928410380648644,5.9217428936227,"5.92",4,32,"interpolated","interpolated",128,8,"OU",0.1,"h/H=0.10","covariance_sensitivity_target",NA
"dispersed","MAE",NA,8,0.846385757728439,0.846385757728439,5.68902913774941,"5.69",4,32,"interpolated","interpolated",128,8,"OU",0.25,"h/H=0.25","covariance_sensitivity_target",NA
"dispersed","R2",NA,8,4.79085727222836,4.79085727222836,7.08739519160217,"7.09",4,32,"interpolated","interpolated",128,8,"OU",0.25,"h/H=0.25","covariance_sensitivity_target",NA
"dispersed","RMSE",NA,8,1.0650446126072,1.0650446126072,4.85514412235656,"4.86",4,32,"interpolated","interpolated",128,8,"OU",0.25,"h/H=0.25","covariance_sensitivity_target",NA
"dispersed","MAE",NA,8,0.689633305009016,0.689633305009016,9.74067663833182,"9.74",4,32,"interpolated","interpolated",128,8,"OU",0.5,"h/H=0.50","covariance_sensitivity_target",NA
"dispersed","R2",NA,8,3.32768609437602,3.32768609437602,11.0347323689764,"11.03",4,32,"interpolated","interpolated",128,8,"OU",0.5,"h/H=0.50","covariance_sensitivity_target",NA
"dispersed","RMSE",NA,8,0.876312833881842,0.876312833881842,6.84889242015689,"6.85",4,32,"interpolated","interpolated",128,8,"OU",0.5,"h/H=0.50","covariance_sensitivity_target",NA
"dispersed","MAE",NA,8,0.840802180838794,0.840802180838794,5.73524635437375,"5.74",4,32,"interpolated","interpolated",128,8,"OU",1,"h/H=1.00","covariance_sensitivity_target",NA
"dispersed","R2",NA,8,4.51409140233149,4.51409140233149,7.58149031338761,"7.58",4,32,"interpolated","interpolated",128,8,"OU",1,"h/H=1.00","covariance_sensitivity_target",NA
"dispersed","RMSE",NA,8,0.878806540235253,0.878806540235253,6.79857728400956,"6.80",4,32,"interpolated","interpolated",128,8,"OU",1,"h/H=1.00","covariance_sensitivity_target",NA
"clustered","MAE",NA,64,0.903502560508852,0.903502560508852,5.21625340649949,"5.22",4,32,"interpolated","interpolated",128,64,"BM",NA,"BM","BM_target",NA
"clustered","R2",NA,64,6.06346023080039,6.06346023080039,6.55922437349149,"6.56",4,32,"interpolated","interpolated",128,64,"BM",NA,"BM","BM_target",NA
"clustered","RMSE",NA,64,0.94386936889159,0.94386936889159,5.80106641578407,"5.80",4,32,"interpolated","interpolated",128,64,"BM",NA,"BM","BM_target",NA
"clustered","MAE",NA,64,0.959093687716091,0.959093687716091,4.75610622498704,"4.76",4,32,"interpolated","interpolated",128,64,"EB",-1,"EB r=-1.00","covariance_sensitivity_target",NA
"clustered","R2",NA,64,4.62010836184189,4.62010836184189,7.39222397595905,"7.39",4,32,"interpolated","interpolated",128,64,"EB",-1,"EB r=-1.00","covariance_sensitivity_target",NA
"clustered","RMSE",NA,64,1.00328914348863,1.00328914348863,5.33722175792897,"5.34",4,32,"interpolated","interpolated",128,64,"EB",-1,"EB r=-1.00","covariance_sensitivity_target",NA
"clustered","MAE",NA,64,0.814766458373696,0.814766458373696,5.95075312519877,"5.95",4,32,"interpolated","interpolated",128,64,"EB",-0.5,"EB r=-0.50","covariance_sensitivity_target",NA
"clustered","R2",NA,64,3.14606647207954,3.14606647207954,11.8218258707555,"11.82",4,32,"interpolated","interpolated",128,64,"EB",-0.5,"EB r=-0.50","covariance_sensitivity_target",NA
"clustered","RMSE",NA,64,0.837974293861739,0.837974293861739,7.62244334693818,"7.62",4,32,"interpolated","interpolated",128,64,"EB",-0.5,"EB r=-0.50","covariance_sensitivity_target",NA
"clustered","MAE",NA,64,1.25844261922133,1.25844261922133,NA,"<4",4,32,"below_benchmark_range","<4",128,64,"EB",-0.1,"EB r=-0.10","covariance_sensitivity_target",NA
"clustered","R2",NA,64,7.87111261666423,7.87111261666423,5.90808239004186,"5.91",4,32,"interpolated","interpolated",128,64,"EB",-0.1,"EB r=-0.10","covariance_sensitivity_target",NA
"clustered","RMSE",NA,64,1.26100545485655,1.26100545485655,NA,"<4",4,32,"below_benchmark_range","<4",128,64,"EB",-0.1,"EB r=-0.10","covariance_sensitivity_target",NA
"clustered","MAE",NA,64,0.322212645033731,0.322212645033731,NA,">32",4,32,"above_benchmark_range",">32",128,64,"lambda_BM",0,"lambda=0.00","lambda0_independent_target",NA
"clustered","R2",NA,64,0.947275838881969,0.947275838881969,NA,">32",4,32,"above_benchmark_range",">32",128,64,"lambda_BM",0,"lambda=0.00","lambda0_independent_target",NA
"clustered","RMSE",NA,64,0.370013747273561,0.370013747273561,NA,">32",4,32,"above_benchmark_range",">32",128,64,"lambda_BM",0,"lambda=0.00","lambda0_independent_target",NA
"clustered","MAE",NA,64,0.260202496696453,0.260202496696453,NA,">32",4,32,"above_benchmark_range",">32",128,64,"lambda_BM",0.1,"lambda=0.10","covariance_sensitivity_target",NA
"clustered","R2",NA,64,0.892518200365801,0.892518200365801,NA,">32",4,32,"above_benchmark_range",">32",128,64,"lambda_BM",0.1,"lambda=0.10","covariance_sensitivity_target",NA
"clustered","RMSE",NA,64,0.33893198973923,0.33893198973923,NA,">32",4,32,"above_benchmark_range",">32",128,64,"lambda_BM",0.1,"lambda=0.10","covariance_sensitivity_target",NA
"clustered","MAE",NA,64,0.427737630545816,0.427737630545816,27.85703611593,"27.86",4,32,"interpolated","interpolated",128,64,"lambda_BM",0.25,"lambda=0.25","covariance_sensitivity_target",NA
"clustered","R2",NA,64,1.76589799857909,1.76589799857909,21.8807926207442,"21.88",4,32,"interpolated","interpolated",128,64,"lambda_BM",0.25,"lambda=0.25","covariance_sensitivity_target",NA
"clustered","RMSE",NA,64,0.513774416010607,0.513774416010607,23.6936273156391,"23.69",4,32,"interpolated","interpolated",128,64,"lambda_BM",0.25,"lambda=0.25","covariance_sensitivity_target",NA
"clustered","MAE",NA,64,0.616532074157273,0.616532074157273,11.9473376892999,"11.95",4,32,"interpolated","interpolated",128,64,"lambda_BM",0.5,"lambda=0.50","covariance_sensitivity_target",NA
"clustered","R2",NA,64,2.36033903561112,2.36033903561112,18.7693557059565,"18.77",4,32,"interpolated","interpolated",128,64,"lambda_BM",0.5,"lambda=0.50","covariance_sensitivity_target",NA
"clustered","RMSE",NA,64,0.681079559465739,0.681079559465739,13.1733773247587,"13.17",4,32,"interpolated","interpolated",128,64,"lambda_BM",0.5,"lambda=0.50","covariance_sensitivity_target",NA
"clustered","MAE",NA,64,0.988838876572719,0.988838876572719,4.50989490488,"4.51",4,32,"interpolated","interpolated",128,64,"lambda_BM",0.75,"lambda=0.75","covariance_sensitivity_target",NA
"clustered","R2",NA,64,4.55703307632593,4.55703307632593,7.5048288679216,"7.50",4,32,"interpolated","interpolated",128,64,"lambda_BM",0.75,"lambda=0.75","covariance_sensitivity_target",NA
"clustered","RMSE",NA,64,1.041369414142,1.041369414142,5.03995825883246,"5.04",4,32,"interpolated","interpolated",128,64,"lambda_BM",0.75,"lambda=0.75","covariance_sensitivity_target",NA
"clustered","MAE",NA,64,1.17040483399506,1.17040483399506,NA,"<4",4,32,"below_benchmark_range","<4",128,64,"lambda_BM",1,"lambda=1.00","covariance_sensitivity_target",NA
"clustered","R2",NA,64,6.47160511394188,6.47160511394188,6.41220480777086,"6.41",4,32,"interpolated","interpolated",128,64,"lambda_BM",1,"lambda=1.00","covariance_sensitivity_target",NA
"clustered","RMSE",NA,64,1.20061796074032,1.20061796074032,NA,"<4",4,32,"below_benchmark_range","<4",128,64,"lambda_BM",1,"lambda=1.00","covariance_sensitivity_target",NA
"clustered","MAE",NA,64,0.289306812776879,0.289306812776879,NA,">32",4,32,"above_benchmark_range",">32",128,64,"OU",0.05,"h/H=0.05","covariance_sensitivity_target",NA
"clustered","R2",NA,64,1.00443155675749,1.00443155675749,NA,">32",4,32,"above_benchmark_range",">32",128,64,"OU",0.05,"h/H=0.05","covariance_sensitivity_target",NA
"clustered","RMSE",NA,64,0.306027594828465,0.306027594828465,NA,">32",4,32,"above_benchmark_range",">32",128,64,"OU",0.05,"h/H=0.05","covariance_sensitivity_target",NA
"clustered","MAE",NA,64,0.335927573242355,0.335927573242355,NA,">32",4,32,"above_benchmark_range",">32",128,64,"OU",0.1,"h/H=0.10","covariance_sensitivity_target",NA
"clustered","R2",NA,64,1.28493535205033,1.28493535205033,NA,">32",4,32,"above_benchmark_range",">32",128,64,"OU",0.1,"h/H=0.10","covariance_sensitivity_target",NA
"clustered","RMSE",NA,64,0.409100934274825,0.409100934274825,NA,">32",4,32,"above_benchmark_range",">32",128,64,"OU",0.1,"h/H=0.10","covariance_sensitivity_target",NA
"clustered","MAE",NA,64,0.401870712297819,0.401870712297819,30.5274122665214,"30.53",4,32,"interpolated","interpolated",128,64,"OU",0.25,"h/H=0.25","covariance_sensitivity_target",NA
"clustered","R2",NA,64,1.50557203622786,1.50557203622786,NA,">32",4,32,"above_benchmark_range",">32",128,64,"OU",0.25,"h/H=0.25","covariance_sensitivity_target",NA
"clustered","RMSE",NA,64,0.434442668541898,0.434442668541898,31.4490910023347,"31.45",4,32,"interpolated","interpolated",128,64,"OU",0.25,"h/H=0.25","covariance_sensitivity_target",NA
"clustered","MAE",NA,64,0.497150800653211,0.497150800653211,21.7178983879085,"21.72",4,32,"interpolated","interpolated",128,64,"OU",0.5,"h/H=0.50","covariance_sensitivity_target",NA
"clustered","R2",NA,64,2.53918543270746,2.53918543270746,15.4686747832322,"15.47",4,32,"interpolated","interpolated",128,64,"OU",0.5,"h/H=0.50","covariance_sensitivity_target",NA
"clustered","RMSE",NA,64,0.574732705281116,0.574732705281116,21.3791275433231,"21.38",4,32,"interpolated","interpolated",128,64,"OU",0.5,"h/H=0.50","covariance_sensitivity_target",NA
"clustered","MAE",NA,64,0.950574812835087,0.950574812835087,4.8266199285775,"4.83",4,32,"interpolated","interpolated",128,64,"OU",1,"h/H=1.00","covariance_sensitivity_target",NA
"clustered","R2",NA,64,3.70658772505474,3.70658772505474,9.08447005500457,"9.08",4,32,"interpolated","interpolated",128,64,"OU",1,"h/H=1.00","covariance_sensitivity_target",NA
"clustered","RMSE",NA,64,0.958803536556965,0.958803536556965,5.68448681012124,"5.68",4,32,"interpolated","interpolated",128,64,"OU",1,"h/H=1.00","covariance_sensitivity_target",NA
"dispersed","MAE",NA,64,0.723773487205003,0.723773487205003,9.40630307953348,"9.41",4,32,"interpolated","interpolated",128,64,"BM",NA,"BM","BM_target",NA
"dispersed","R2",NA,64,3.31675047870162,3.31675047870162,11.0821245611109,"11.08",4,32,"interpolated","interpolated",128,64,"BM",NA,"BM","BM_target",NA
"dispersed","RMSE",NA,64,0.856557463371838,0.856557463371838,7.24749354474089,"7.25",4,32,"interpolated","interpolated",128,64,"BM",NA,"BM","BM_target",NA
"dispersed","MAE",NA,64,0.494329286290066,0.494329286290066,21.976553313383,"21.98",4,32,"interpolated","interpolated",128,64,"EB",-1,"EB r=-1.00","covariance_sensitivity_target",NA
"dispersed","R2",NA,64,2.05702406928271,2.05702406928271,21.2958272761233,"21.30",4,32,"interpolated","interpolated",128,64,"EB",-1,"EB r=-1.00","covariance_sensitivity_target",NA
"dispersed","RMSE",NA,64,0.608919857302392,0.608919857302392,17.6504930828128,"17.65",4,32,"interpolated","interpolated",128,64,"EB",-1,"EB r=-1.00","covariance_sensitivity_target",NA
"dispersed","MAE",NA,64,0.484130940938241,0.484130940938241,22.3781556540119,"22.38",4,32,"interpolated","interpolated",128,64,"EB",-0.5,"EB r=-0.50","covariance_sensitivity_target",NA
"dispersed","R2",NA,64,1.86567144587562,1.86567144587562,21.6803158690717,"21.68",4,32,"interpolated","interpolated",128,64,"EB",-0.5,"EB r=-0.50","covariance_sensitivity_target",NA
"dispersed","RMSE",NA,64,0.555843032364863,0.555843032364863,22.4176288469183,"22.42",4,32,"interpolated","interpolated",128,64,"EB",-0.5,"EB r=-0.50","covariance_sensitivity_target",NA
"dispersed","MAE",NA,64,0.823514189531257,0.823514189531257,5.87834509825277,"5.88",4,32,"interpolated","interpolated",128,64,"EB",-0.1,"EB r=-0.10","covariance_sensitivity_target",NA
"dispersed","R2",NA,64,2.32177432955582,2.32177432955582,19.3204837884015,"19.32",4,32,"interpolated","interpolated",128,64,"EB",-0.1,"EB r=-0.10","covariance_sensitivity_target",NA
"dispersed","RMSE",NA,64,0.940920161669355,0.940920161669355,5.82408861713402,"5.82",4,32,"interpolated","interpolated",128,64,"EB",-0.1,"EB r=-0.10","covariance_sensitivity_target",NA
"dispersed","MAE",NA,64,0.276124208512238,0.276124208512238,NA,">32",4,32,"above_benchmark_range",">32",128,64,"lambda_BM",0,"lambda=0.00","lambda0_independent_target",NA
"dispersed","R2",NA,64,0.914829551507438,0.914829551507438,NA,">32",4,32,"above_benchmark_range",">32",128,64,"lambda_BM",0,"lambda=0.00","lambda0_independent_target",NA
"dispersed","RMSE",NA,64,0.344408485105282,0.344408485105282,NA,">32",4,32,"above_benchmark_range",">32",128,64,"lambda_BM",0,"lambda=0.00","lambda0_independent_target",NA
"dispersed","MAE",NA,64,0.291421413729586,0.291421413729586,NA,">32",4,32,"above_benchmark_range",">32",128,64,"lambda_BM",0.1,"lambda=0.10","covariance_sensitivity_target",NA
"dispersed","R2",NA,64,1.37621903249169,1.37621903249169,NA,">32",4,32,"above_benchmark_range",">32",128,64,"lambda_BM",0.1,"lambda=0.10","covariance_sensitivity_target",NA
"dispersed","RMSE",NA,64,0.369929503995096,0.369929503995096,NA,">32",4,32,"above_benchmark_range",">32",128,64,"lambda_BM",0.1,"lambda=0.10","covariance_sensitivity_target",NA
"dispersed","MAE",NA,64,0.377144157395831,0.377144157395831,31.5779237213221,"31.58",4,32,"interpolated","interpolated",128,64,"lambda_BM",0.25,"lambda=0.25","covariance_sensitivity_target",NA
"dispersed","R2",NA,64,1.23359346166793,1.23359346166793,NA,">32",4,32,"above_benchmark_range",">32",128,64,"lambda_BM",0.25,"lambda=0.25","covariance_sensitivity_target",NA
"dispersed","RMSE",NA,64,0.42349859438172,0.42349859438172,NA,">32",4,32,"above_benchmark_range",">32",128,64,"lambda_BM",0.25,"lambda=0.25","covariance_sensitivity_target",NA
"dispersed","MAE",NA,64,0.478566237981237,0.478566237981237,22.5898033395909,"22.59",4,32,"interpolated","interpolated",128,64,"lambda_BM",0.5,"lambda=0.50","covariance_sensitivity_target",NA
"dispersed","R2",NA,64,1.73862065077043,1.73862065077043,21.935601532645,"21.94",4,32,"interpolated","interpolated",128,64,"lambda_BM",0.5,"lambda=0.50","covariance_sensitivity_target",NA
"dispersed","RMSE",NA,64,0.584076325001495,0.584076325001495,20.2462572243951,"20.25",4,32,"interpolated","interpolated",128,64,"lambda_BM",0.5,"lambda=0.50","covariance_sensitivity_target",NA
"dispersed","MAE",NA,64,0.573507969852606,0.573507969852606,15.9251400870586,"15.93",4,32,"interpolated","interpolated",128,64,"lambda_BM",0.75,"lambda=0.75","covariance_sensitivity_target",NA
"dispersed","R2",NA,64,2.36170372693312,2.36170372693312,18.7498529069375,"18.75",4,32,"interpolated","interpolated",128,64,"lambda_BM",0.75,"lambda=0.75","covariance_sensitivity_target",NA
"dispersed","RMSE",NA,64,0.647902148095944,0.647902148095944,15.4936768175324,"15.49",4,32,"interpolated","interpolated",128,64,"lambda_BM",0.75,"lambda=0.75","covariance_sensitivity_target",NA
"dispersed","MAE",NA,64,0.643656234815428,0.643656234815428,10.5101168108646,"10.51",4,32,"interpolated","interpolated",128,64,"lambda_BM",1,"lambda=1.00","covariance_sensitivity_target",NA
"dispersed","R2",NA,64,3.3002052505349,3.3002052505349,11.1538273948181,"11.15",4,32,"interpolated","interpolated",128,64,"lambda_BM",1,"lambda=1.00","covariance_sensitivity_target",NA
"dispersed","RMSE",NA,64,0.732070163144621,0.732070163144621,9.75925498408546,"9.76",4,32,"interpolated","interpolated",128,64,"lambda_BM",1,"lambda=1.00","covariance_sensitivity_target",NA
"dispersed","MAE",NA,64,0.337845694686352,0.337845694686352,NA,">32",4,32,"above_benchmark_range",">32",128,64,"OU",0.05,"h/H=0.05","covariance_sensitivity_target",NA
"dispersed","R2",NA,64,1.06760040235014,1.06760040235014,NA,">32",4,32,"above_benchmark_range",">32",128,64,"OU",0.05,"h/H=0.05","covariance_sensitivity_target",NA
"dispersed","RMSE",NA,64,0.365308691950544,0.365308691950544,NA,">32",4,32,"above_benchmark_range",">32",128,64,"OU",0.05,"h/H=0.05","covariance_sensitivity_target",NA
"dispersed","MAE",NA,64,0.31498301734797,0.31498301734797,NA,">32",4,32,"above_benchmark_range",">32",128,64,"OU",0.1,"h/H=0.10","covariance_sensitivity_target",NA
"dispersed","R2",NA,64,0.978527217683056,0.978527217683056,NA,">32",4,32,"above_benchmark_range",">32",128,64,"OU",0.1,"h/H=0.10","covariance_sensitivity_target",NA
"dispersed","RMSE",NA,64,0.364476196590431,0.364476196590431,NA,">32",4,32,"above_benchmark_range",">32",128,64,"OU",0.1,"h/H=0.10","covariance_sensitivity_target",NA
"dispersed","MAE",NA,64,0.295795502497766,0.295795502497766,NA,">32",4,32,"above_benchmark_range",">32",128,64,"OU",0.25,"h/H=0.25","covariance_sensitivity_target",NA
"dispersed","R2",NA,64,1.19528307564502,1.19528307564502,NA,">32",4,32,"above_benchmark_range",">32",128,64,"OU",0.25,"h/H=0.25","covariance_sensitivity_target",NA
"dispersed","RMSE",NA,64,0.349001680927735,0.349001680927735,NA,">32",4,32,"above_benchmark_range",">32",128,64,"OU",0.25,"h/H=0.25","covariance_sensitivity_target",NA
"dispersed","MAE",NA,64,0.478397896429986,0.478397896429986,22.5962060352934,"22.60",4,32,"interpolated","interpolated",128,64,"OU",0.5,"h/H=0.50","covariance_sensitivity_target",NA
"dispersed","R2",NA,64,1.43308695018793,1.43308695018793,NA,">32",4,32,"above_benchmark_range",">32",128,64,"OU",0.5,"h/H=0.50","covariance_sensitivity_target",NA
"dispersed","RMSE",NA,64,0.54947827527996,0.54947827527996,22.6106806037369,"22.61",4,32,"interpolated","interpolated",128,64,"OU",0.5,"h/H=0.50","covariance_sensitivity_target",NA
"dispersed","MAE",NA,64,0.47541304821618,0.47541304821618,22.7097316306644,"22.71",4,32,"interpolated","interpolated",128,64,"OU",1,"h/H=1.00","covariance_sensitivity_target",NA
"dispersed","R2",NA,64,2.14212264609756,2.14212264609756,21.1248370305814,"21.12",4,32,"interpolated","interpolated",128,64,"OU",1,"h/H=1.00","covariance_sensitivity_target",NA
"dispersed","RMSE",NA,64,0.558572705993606,0.558572705993606,22.3348341255266,"22.33",4,32,"interpolated","interpolated",128,64,"OU",1,"h/H=1.00","covariance_sensitivity_target",NA
"clustered","MAE",NA,8,2.16832441454377,2.16832441454377,NA,"<4",4,32,"below_benchmark_range","<4",512,8,"BM",NA,"BM","BM_target",NA
"clustered","R2",NA,8,180.468662225033,180.468662225033,NA,"<4",4,32,"below_benchmark_range","<4",512,8,"BM",NA,"BM","BM_target",NA
"clustered","RMSE",NA,8,2.13820612032454,2.13820612032454,NA,"<4",4,32,"below_benchmark_range","<4",512,8,"BM",NA,"BM","BM_target",NA
"clustered","MAE",NA,8,1.83004226141773,1.83004226141773,NA,"<4",4,32,"below_benchmark_range","<4",512,8,"EB",-1,"EB r=-1.00","covariance_sensitivity_target",NA
"clustered","R2",NA,8,76.2797171632884,76.2797171632884,NA,"<4",4,32,"below_benchmark_range","<4",512,8,"EB",-1,"EB r=-1.00","covariance_sensitivity_target",NA
"clustered","RMSE",NA,8,1.80277705098975,1.80277705098975,NA,"<4",4,32,"below_benchmark_range","<4",512,8,"EB",-1,"EB r=-1.00","covariance_sensitivity_target",NA
"clustered","MAE",NA,8,1.85385245620225,1.85385245620225,NA,"<4",4,32,"below_benchmark_range","<4",512,8,"EB",-0.5,"EB r=-0.50","covariance_sensitivity_target",NA
"clustered","R2",NA,8,100.05953308978,100.05953308978,NA,"<4",4,32,"below_benchmark_range","<4",512,8,"EB",-0.5,"EB r=-0.50","covariance_sensitivity_target",NA
"clustered","RMSE",NA,8,1.83214588871181,1.83214588871181,NA,"<4",4,32,"below_benchmark_range","<4",512,8,"EB",-0.5,"EB r=-0.50","covariance_sensitivity_target",NA
"clustered","MAE",NA,8,2.00606835551636,2.00606835551636,NA,"<4",4,32,"below_benchmark_range","<4",512,8,"EB",-0.1,"EB r=-0.10","covariance_sensitivity_target",NA
"clustered","R2",NA,8,237.762593106932,237.762593106932,NA,"<4",4,32,"below_benchmark_range","<4",512,8,"EB",-0.1,"EB r=-0.10","covariance_sensitivity_target",NA
"clustered","RMSE",NA,8,1.99917737442705,1.99917737442705,NA,"<4",4,32,"below_benchmark_range","<4",512,8,"EB",-0.1,"EB r=-0.10","covariance_sensitivity_target",NA
"clustered","MAE",NA,8,0.823005334325779,0.823005334325779,5.88255707056492,"5.88",4,32,"interpolated","interpolated",512,8,"lambda_BM",0,"lambda=0.00","lambda0_independent_target",NA
"clustered","R2",NA,8,2.92515004737693,2.92515004737693,12.9418663525871,"12.94",4,32,"interpolated","interpolated",512,8,"lambda_BM",0,"lambda=0.00","lambda0_independent_target",NA
"clustered","RMSE",NA,8,0.908569769164215,0.908569769164215,6.19804911288125,"6.20",4,32,"interpolated","interpolated",512,8,"lambda_BM",0,"lambda=0.00","lambda0_independent_target",NA
"clustered","MAE",NA,8,0.92059300418414,0.92059300418414,5.0747898333889,"5.07",4,32,"interpolated","interpolated",512,8,"lambda_BM",0.1,"lambda=0.10","covariance_sensitivity_target",NA
"clustered","R2",NA,8,8.37227611055364,8.37227611055364,5.72755620370446,"5.73",4,32,"interpolated","interpolated",512,8,"lambda_BM",0.1,"lambda=0.10","covariance_sensitivity_target",NA
"clustered","RMSE",NA,8,0.937580505083321,0.937580505083321,5.85015875753774,"5.85",4,32,"interpolated","interpolated",512,8,"lambda_BM",0.1,"lambda=0.10","covariance_sensitivity_target",NA
"clustered","MAE",NA,8,1.03373409105244,1.03373409105244,4.13828152979537,"4.14",4,32,"interpolated","interpolated",512,8,"lambda_BM",0.25,"lambda=0.25","covariance_sensitivity_target",NA
"clustered","R2",NA,8,6.3330200142243,6.3330200142243,6.46212512287809,"6.46",4,32,"interpolated","interpolated",512,8,"lambda_BM",0.25,"lambda=0.25","covariance_sensitivity_target",NA
"clustered","RMSE",NA,8,1.16799846051677,1.16799846051677,4.05146230628888,"4.05",4,32,"interpolated","interpolated",512,8,"lambda_BM",0.25,"lambda=0.25","covariance_sensitivity_target",NA
"clustered","MAE",NA,8,1.48715027639338,1.48715027639338,NA,"<4",4,32,"below_benchmark_range","<4",512,8,"lambda_BM",0.5,"lambda=0.50","covariance_sensitivity_target",NA
"clustered","R2",NA,8,12.3579178549534,12.3579178549534,4.14283732296245,"4.14",4,32,"interpolated","interpolated",512,8,"lambda_BM",0.5,"lambda=0.50","covariance_sensitivity_target",NA
"clustered","RMSE",NA,8,1.5048198649379,1.5048198649379,NA,"<4",4,32,"below_benchmark_range","<4",512,8,"lambda_BM",0.5,"lambda=0.50","covariance_sensitivity_target",NA
"clustered","MAE",NA,8,1.46061814414857,1.46061814414857,NA,"<4",4,32,"below_benchmark_range","<4",512,8,"lambda_BM",0.75,"lambda=0.75","covariance_sensitivity_target",NA
"clustered","R2",NA,8,22.873635453901,22.873635453901,NA,"<4",4,32,"below_benchmark_range","<4",512,8,"lambda_BM",0.75,"lambda=0.75","covariance_sensitivity_target",NA
"clustered","RMSE",NA,8,1.43456431050508,1.43456431050508,NA,"<4",4,32,"below_benchmark_range","<4",512,8,"lambda_BM",0.75,"lambda=0.75","covariance_sensitivity_target",NA
"clustered","MAE",NA,8,2.26072299536664,2.26072299536664,NA,"<4",4,32,"below_benchmark_range","<4",512,8,"lambda_BM",1,"lambda=1.00","covariance_sensitivity_target",NA
"clustered","R2",NA,8,188.393143435785,188.393143435785,NA,"<4",4,32,"below_benchmark_range","<4",512,8,"lambda_BM",1,"lambda=1.00","covariance_sensitivity_target",NA
"clustered","RMSE",NA,8,2.24318539295478,2.24318539295478,NA,"<4",4,32,"below_benchmark_range","<4",512,8,"lambda_BM",1,"lambda=1.00","covariance_sensitivity_target",NA
"clustered","MAE",NA,8,0.859742659301233,0.859742659301233,5.57846939699172,"5.58",4,32,"interpolated","interpolated",512,8,"OU",0.05,"h/H=0.05","covariance_sensitivity_target",NA
"clustered","R2",NA,8,8.48836104099204,8.48836104099204,5.6857407681454,"5.69",4,32,"interpolated","interpolated",512,8,"OU",0.05,"h/H=0.05","covariance_sensitivity_target",NA
"clustered","RMSE",NA,8,0.947296852886536,0.947296852886536,5.77431067408493,"5.77",4,32,"interpolated","interpolated",512,8,"OU",0.05,"h/H=0.05","covariance_sensitivity_target",NA
"clustered","MAE",NA,8,1.18918873109651,1.18918873109651,NA,"<4",4,32,"below_benchmark_range","<4",512,8,"OU",0.1,"h/H=0.10","covariance_sensitivity_target",NA
"clustered","R2",NA,8,11.5424467692155,11.5424467692155,4.49840362578027,"4.50",4,32,"interpolated","interpolated",512,8,"OU",0.1,"h/H=0.10","covariance_sensitivity_target",NA
"clustered","RMSE",NA,8,1.22403314350478,1.22403314350478,NA,"<4",4,32,"below_benchmark_range","<4",512,8,"OU",0.1,"h/H=0.10","covariance_sensitivity_target",NA
"clustered","MAE",NA,8,1.79969606671622,1.79969606671622,NA,"<4",4,32,"below_benchmark_range","<4",512,8,"OU",0.25,"h/H=0.25","covariance_sensitivity_target",NA
"clustered","R2",NA,8,44.6220082578089,44.6220082578089,NA,"<4",4,32,"below_benchmark_range","<4",512,8,"OU",0.25,"h/H=0.25","covariance_sensitivity_target",NA
"clustered","RMSE",NA,8,1.76843122204014,1.76843122204014,NA,"<4",4,32,"below_benchmark_range","<4",512,8,"OU",0.25,"h/H=0.25","covariance_sensitivity_target",NA
"clustered","MAE",NA,8,1.62467030221923,1.62467030221923,NA,"<4",4,32,"below_benchmark_range","<4",512,8,"OU",0.5,"h/H=0.50","covariance_sensitivity_target",NA
"clustered","R2",NA,8,40.1426491818375,40.1426491818375,NA,"<4",4,32,"below_benchmark_range","<4",512,8,"OU",0.5,"h/H=0.50","covariance_sensitivity_target",NA
"clustered","RMSE",NA,8,1.60727263685972,1.60727263685972,NA,"<4",4,32,"below_benchmark_range","<4",512,8,"OU",0.5,"h/H=0.50","covariance_sensitivity_target",NA
"clustered","MAE",NA,8,2.07806941403166,2.07806941403166,NA,"<4",4,32,"below_benchmark_range","<4",512,8,"OU",1,"h/H=1.00","covariance_sensitivity_target",NA
"clustered","R2",NA,8,135.447554266569,135.447554266569,NA,"<4",4,32,"below_benchmark_range","<4",512,8,"OU",1,"h/H=1.00","covariance_sensitivity_target",NA
"clustered","RMSE",NA,8,2.05892061575314,2.05892061575314,NA,"<4",4,32,"below_benchmark_range","<4",512,8,"OU",1,"h/H=1.00","covariance_sensitivity_target",NA
"dispersed","MAE",NA,8,0.911198634403193,0.911198634403193,5.15255031413385,"5.15",4,32,"interpolated","interpolated",512,8,"BM",NA,"BM","BM_target",NA
"dispersed","R2",NA,8,4.31782408472636,4.31782408472636,7.93187572843444,"7.93",4,32,"interpolated","interpolated",512,8,"BM",NA,"BM","BM_target",NA
"dispersed","RMSE",NA,8,1.00394872979463,1.00394872979463,5.33207287295743,"5.33",4,32,"interpolated","interpolated",512,8,"BM",NA,"BM","BM_target",NA
"dispersed","MAE",NA,8,0.80902950338205,0.80902950338205,5.99823990595838,"6.00",4,32,"interpolated","interpolated",512,8,"EB",-1,"EB r=-1.00","covariance_sensitivity_target",NA
"dispersed","R2",NA,8,5.27135620500685,5.27135620500685,6.8445514587691,"6.84",4,32,"interpolated","interpolated",512,8,"EB",-1,"EB r=-1.00","covariance_sensitivity_target",NA
"dispersed","RMSE",NA,8,0.964159474177884,0.964159474177884,5.64267710838279,"5.64",4,32,"interpolated","interpolated",512,8,"EB",-1,"EB r=-1.00","covariance_sensitivity_target",NA
"dispersed","MAE",NA,8,0.93245880868553,0.93245880868553,4.97657242402899,"4.98",4,32,"interpolated","interpolated",512,8,"EB",-0.5,"EB r=-0.50","covariance_sensitivity_target",NA
"dispersed","R2",NA,8,4.35358189304255,4.35358189304255,7.86803924938682,"7.87",4,32,"interpolated","interpolated",512,8,"EB",-0.5,"EB r=-0.50","covariance_sensitivity_target",NA
"dispersed","RMSE",NA,8,0.969370070448887,0.969370070448887,5.60200197521483,"5.60",4,32,"interpolated","interpolated",512,8,"EB",-0.5,"EB r=-0.50","covariance_sensitivity_target",NA
"dispersed","MAE",NA,8,0.881844108240411,0.881844108240411,5.39552798263989,"5.40",4,32,"interpolated","interpolated",512,8,"EB",-0.1,"EB r=-0.10","covariance_sensitivity_target",NA
"dispersed","R2",NA,8,5.83981861148997,5.83981861148997,6.63978325124833,"6.64",4,32,"interpolated","interpolated",512,8,"EB",-0.1,"EB r=-0.10","covariance_sensitivity_target",NA
"dispersed","RMSE",NA,8,0.917251821931861,0.917251821931861,6.02287264655638,"6.02",4,32,"interpolated","interpolated",512,8,"EB",-0.1,"EB r=-0.10","covariance_sensitivity_target",NA
"dispersed","MAE",NA,8,0.758669632762795,0.758669632762795,9.06452551339399,"9.06",4,32,"interpolated","interpolated",512,8,"lambda_BM",0,"lambda=0.00","lambda0_independent_target",NA
"dispersed","R2",NA,8,4.6109265482119,4.6109265482119,7.40861577067495,"7.41",4,32,"interpolated","interpolated",512,8,"lambda_BM",0,"lambda=0.00","lambda0_independent_target",NA
"dispersed","RMSE",NA,8,0.990919067700247,0.990919067700247,5.43378546269921,"5.43",4,32,"interpolated","interpolated",512,8,"lambda_BM",0,"lambda=0.00","lambda0_independent_target",NA
"dispersed","MAE",NA,8,0.807966776339042,0.807966776339042,6.05854722644183,"6.06",4,32,"interpolated","interpolated",512,8,"lambda_BM",0.1,"lambda=0.10","covariance_sensitivity_target",NA
"dispersed","R2",NA,8,3.51086814568311,3.51086814568311,10.2408676950865,"10.24",4,32,"interpolated","interpolated",512,8,"lambda_BM",0.1,"lambda=0.10","covariance_sensitivity_target",NA
"dispersed","RMSE",NA,8,0.915857110115851,0.915857110115851,6.05101353604515,"6.05",4,32,"interpolated","interpolated",512,8,"lambda_BM",0.1,"lambda=0.10","covariance_sensitivity_target",NA
"dispersed","MAE",NA,8,0.803884205295658,0.803884205295658,6.33972215014154,"6.34",4,32,"interpolated","interpolated",512,8,"lambda_BM",0.25,"lambda=0.25","covariance_sensitivity_target",NA
"dispersed","R2",NA,8,5.16058083335395,5.16058083335395,6.88445431607701,"6.88",4,32,"interpolated","interpolated",512,8,"lambda_BM",0.25,"lambda=0.25","covariance_sensitivity_target",NA
"dispersed","RMSE",NA,8,0.932285476363174,0.932285476363174,5.89149299015113,"5.89",4,32,"interpolated","interpolated",512,8,"lambda_BM",0.25,"lambda=0.25","covariance_sensitivity_target",NA
"dispersed","MAE",NA,8,0.818850147212022,0.818850147212022,5.91695100598423,"5.92",4,32,"interpolated","interpolated",512,8,"lambda_BM",0.5,"lambda=0.50","covariance_sensitivity_target",NA
"dispersed","R2",NA,8,6.81530187142643,6.81530187142643,6.28840036941544,"6.29",4,32,"interpolated","interpolated",512,8,"lambda_BM",0.5,"lambda=0.50","covariance_sensitivity_target",NA
"dispersed","RMSE",NA,8,0.891303880796468,0.891303880796468,6.54642033258782,"6.55",4,32,"interpolated","interpolated",512,8,"lambda_BM",0.5,"lambda=0.50","covariance_sensitivity_target",NA
"dispersed","MAE",NA,8,0.844039727068928,0.844039727068928,5.70844805314019,"5.71",4,32,"interpolated","interpolated",512,8,"lambda_BM",0.75,"lambda=0.75","covariance_sensitivity_target",NA
"dispersed","R2",NA,8,4.90418236780472,4.90418236780472,6.97681267364441,"6.98",4,32,"interpolated","interpolated",512,8,"lambda_BM",0.75,"lambda=0.75","covariance_sensitivity_target",NA
"dispersed","RMSE",NA,8,0.913031279852454,0.913031279852454,6.10802988612086,"6.11",4,32,"interpolated","interpolated",512,8,"lambda_BM",0.75,"lambda=0.75","covariance_sensitivity_target",NA
"dispersed","MAE",NA,8,0.751394033132193,0.751394033132193,9.1357837195427,"9.14",4,32,"interpolated","interpolated",512,8,"lambda_BM",1,"lambda=1.00","covariance_sensitivity_target",NA
"dispersed","R2",NA,8,5.19989111078144,5.19989111078144,6.87029419756404,"6.87",4,32,"interpolated","interpolated",512,8,"lambda_BM",1,"lambda=1.00","covariance_sensitivity_target",NA
"dispersed","RMSE",NA,8,0.855890499887101,0.855890499887101,7.26095076615508,"7.26",4,32,"interpolated","interpolated",512,8,"lambda_BM",1,"lambda=1.00","covariance_sensitivity_target",NA
"dispersed","MAE",NA,8,0.832824221604638,0.832824221604638,5.80128271017802,"5.80",4,32,"interpolated","interpolated",512,8,"OU",0.05,"h/H=0.05","covariance_sensitivity_target",NA
"dispersed","R2",NA,8,5.97999500989886,5.97999500989886,6.58928972782172,"6.59",4,32,"interpolated","interpolated",512,8,"OU",0.05,"h/H=0.05","covariance_sensitivity_target",NA
"dispersed","RMSE",NA,8,0.935444307234458,0.935444307234458,5.86683441756904,"5.87",4,32,"interpolated","interpolated",512,8,"OU",0.05,"h/H=0.05","covariance_sensitivity_target",NA
"dispersed","MAE",NA,8,0.792910666711884,0.792910666711884,7.09549194354385,"7.10",4,32,"interpolated","interpolated",512,8,"OU",0.1,"h/H=0.10","covariance_sensitivity_target",NA
"dispersed","R2",NA,8,4.18501574506656,4.18501574506656,8.16897126619993,"8.17",4,32,"interpolated","interpolated",512,8,"OU",0.1,"h/H=0.10","covariance_sensitivity_target",NA
"dispersed","RMSE",NA,8,0.847099268552484,0.847099268552484,7.43833011192245,"7.44",4,32,"interpolated","interpolated",512,8,"OU",0.1,"h/H=0.10","covariance_sensitivity_target",NA
"dispersed","MAE",NA,8,0.885508934997606,0.885508934997606,5.36519293120681,"5.37",4,32,"interpolated","interpolated",512,8,"OU",0.25,"h/H=0.25","covariance_sensitivity_target",NA
"dispersed","R2",NA,8,6.75126069258949,6.75126069258949,6.31146890877425,"6.31",4,32,"interpolated","interpolated",512,8,"OU",0.25,"h/H=0.25","covariance_sensitivity_target",NA
"dispersed","RMSE",NA,8,0.953300657170002,0.953300657170002,5.72744357365281,"5.73",4,32,"interpolated","interpolated",512,8,"OU",0.25,"h/H=0.25","covariance_sensitivity_target",NA
"dispersed","MAE",NA,8,0.789327198812974,0.789327198812974,7.34229262437687,"7.34",4,32,"interpolated","interpolated",512,8,"OU",0.5,"h/H=0.50","covariance_sensitivity_target",NA
"dispersed","R2",NA,8,5.45890340978396,5.45890340978396,6.77699430017821,"6.78",4,32,"interpolated","interpolated",512,8,"OU",0.5,"h/H=0.50","covariance_sensitivity_target",NA
"dispersed","RMSE",NA,8,0.881297400846796,0.881297400846796,6.74831956596574,"6.75",4,32,"interpolated","interpolated",512,8,"OU",0.5,"h/H=0.50","covariance_sensitivity_target",NA
"dispersed","MAE",NA,8,0.797254423623855,0.797254423623855,6.7963286208938,"6.80",4,32,"interpolated","interpolated",512,8,"OU",1,"h/H=1.00","covariance_sensitivity_target",NA
"dispersed","R2",NA,8,5.46657355148521,5.46657355148521,6.77423140653795,"6.77",4,32,"interpolated","interpolated",512,8,"OU",1,"h/H=1.00","covariance_sensitivity_target",NA
"dispersed","RMSE",NA,8,0.951084995791578,0.951084995791578,5.74473954458113,"5.74",4,32,"interpolated","interpolated",512,8,"OU",1,"h/H=1.00","covariance_sensitivity_target",NA
"clustered","MAE",NA,64,1.49886132972807,1.49886132972807,NA,"<4",4,32,"below_benchmark_range","<4",512,64,"BM",NA,"BM","BM_target",NA
"clustered","R2",NA,64,18.967994726887,18.967994726887,NA,"<4",4,32,"below_benchmark_range","<4",512,64,"BM",NA,"BM","BM_target",NA
"clustered","RMSE",NA,64,1.47208416964379,1.47208416964379,NA,"<4",4,32,"below_benchmark_range","<4",512,64,"BM",NA,"BM","BM_target",NA
"clustered","MAE",NA,64,1.23092967798687,1.23092967798687,NA,"<4",4,32,"below_benchmark_range","<4",512,64,"EB",-1,"EB r=-1.00","covariance_sensitivity_target",NA
"clustered","R2",NA,64,9.16157515392879,9.16157515392879,5.44323951280894,"5.44",4,32,"interpolated","interpolated",512,64,"EB",-1,"EB r=-1.00","covariance_sensitivity_target",NA
"clustered","RMSE",NA,64,1.22838540525303,1.22838540525303,NA,"<4",4,32,"below_benchmark_range","<4",512,64,"EB",-1,"EB r=-1.00","covariance_sensitivity_target",NA
"clustered","MAE",NA,64,1.67072935072529,1.67072935072529,NA,"<4",4,32,"below_benchmark_range","<4",512,64,"EB",-0.5,"EB r=-0.50","covariance_sensitivity_target",NA
"clustered","R2",NA,64,16.8655836537962,16.8655836537962,NA,"<4",4,32,"below_benchmark_range","<4",512,64,"EB",-0.5,"EB r=-0.50","covariance_sensitivity_target",NA
"clustered","RMSE",NA,64,1.63750574689015,1.63750574689015,NA,"<4",4,32,"below_benchmark_range","<4",512,64,"EB",-0.5,"EB r=-0.50","covariance_sensitivity_target",NA
"clustered","MAE",NA,64,1.33079297407233,1.33079297407233,NA,"<4",4,32,"below_benchmark_range","<4",512,64,"EB",-0.1,"EB r=-0.10","covariance_sensitivity_target",NA
"clustered","R2",NA,64,14.0438129178616,14.0438129178616,NA,"<4",4,32,"below_benchmark_range","<4",512,64,"EB",-0.1,"EB r=-0.10","covariance_sensitivity_target",NA
"clustered","RMSE",NA,64,1.32451097342013,1.32451097342013,NA,"<4",4,32,"below_benchmark_range","<4",512,64,"EB",-0.1,"EB r=-0.10","covariance_sensitivity_target",NA
"clustered","MAE",NA,64,0.33270903421012,0.33270903421012,NA,">32",4,32,"above_benchmark_range",">32",512,64,"lambda_BM",0,"lambda=0.00","lambda0_independent_target",NA
"clustered","R2",NA,64,1.11849421776843,1.11849421776843,NA,">32",4,32,"above_benchmark_range",">32",512,64,"lambda_BM",0,"lambda=0.00","lambda0_independent_target",NA
"clustered","RMSE",NA,64,0.374124864500318,0.374124864500318,NA,">32",4,32,"above_benchmark_range",">32",512,64,"lambda_BM",0,"lambda=0.00","lambda0_independent_target",NA
"clustered","MAE",NA,64,0.297057138184893,0.297057138184893,NA,">32",4,32,"above_benchmark_range",">32",512,64,"lambda_BM",0.1,"lambda=0.10","covariance_sensitivity_target",NA
"clustered","R2",NA,64,1.09948153253557,1.09948153253557,NA,">32",4,32,"above_benchmark_range",">32",512,64,"lambda_BM",0.1,"lambda=0.10","covariance_sensitivity_target",NA
"clustered","RMSE",NA,64,0.377969376375812,0.377969376375812,NA,">32",4,32,"above_benchmark_range",">32",512,64,"lambda_BM",0.1,"lambda=0.10","covariance_sensitivity_target",NA
"clustered","MAE",NA,64,0.489843306901733,0.489843306901733,22.1608917596594,"22.16",4,32,"interpolated","interpolated",512,64,"lambda_BM",0.25,"lambda=0.25","covariance_sensitivity_target",NA
"clustered","R2",NA,64,2.22777840036772,2.22777840036772,20.6637792912064,"20.66",4,32,"interpolated","interpolated",512,64,"lambda_BM",0.25,"lambda=0.25","covariance_sensitivity_target",NA
"clustered","RMSE",NA,64,0.568773891641738,0.568773891641738,22.0254182617734,"22.03",4,32,"interpolated","interpolated",512,64,"lambda_BM",0.25,"lambda=0.25","covariance_sensitivity_target",NA
"clustered","MAE",NA,64,0.954844756423261,0.954844756423261,4.79127611372751,"4.79",4,32,"interpolated","interpolated",512,64,"lambda_BM",0.5,"lambda=0.50","covariance_sensitivity_target",NA
"clustered","R2",NA,64,3.60058553049826,3.60058553049826,9.77697869293877,"9.78",4,32,"interpolated","interpolated",512,64,"lambda_BM",0.5,"lambda=0.50","covariance_sensitivity_target",NA
"clustered","RMSE",NA,64,0.963702392876873,0.963702392876873,5.64624519192261,"5.65",4,32,"interpolated","interpolated",512,64,"lambda_BM",0.5,"lambda=0.50","covariance_sensitivity_target",NA
"clustered","MAE",NA,64,1.16666956274528,1.16666956274528,NA,"<4",4,32,"below_benchmark_range","<4",512,64,"lambda_BM",0.75,"lambda=0.75","covariance_sensitivity_target",NA
"clustered","R2",NA,64,9.2058379248926,9.2058379248926,5.42729543600317,"5.43",4,32,"interpolated","interpolated",512,64,"lambda_BM",0.75,"lambda=0.75","covariance_sensitivity_target",NA
"clustered","RMSE",NA,64,1.17030321277195,1.17030321277195,4.0334708711396,"4.03",4,32,"interpolated","interpolated",512,64,"lambda_BM",0.75,"lambda=0.75","covariance_sensitivity_target",NA
"clustered","MAE",NA,64,1.47985163859089,1.47985163859089,NA,"<4",4,32,"below_benchmark_range","<4",512,64,"lambda_BM",1,"lambda=1.00","covariance_sensitivity_target",NA
"clustered","R2",NA,64,18.9676273080597,18.9676273080597,NA,"<4",4,32,"below_benchmark_range","<4",512,64,"lambda_BM",1,"lambda=1.00","covariance_sensitivity_target",NA
"clustered","RMSE",NA,64,1.44852514885062,1.44852514885062,NA,"<4",4,32,"below_benchmark_range","<4",512,64,"lambda_BM",1,"lambda=1.00","covariance_sensitivity_target",NA
"clustered","MAE",NA,64,0.264654266341027,0.264654266341027,NA,">32",4,32,"above_benchmark_range",">32",512,64,"OU",0.05,"h/H=0.05","covariance_sensitivity_target",NA
"clustered","R2",NA,64,0.907153282832093,0.907153282832093,NA,">32",4,32,"above_benchmark_range",">32",512,64,"OU",0.05,"h/H=0.05","covariance_sensitivity_target",NA
"clustered","RMSE",NA,64,0.288507264915014,0.288507264915014,NA,">32",4,32,"above_benchmark_range",">32",512,64,"OU",0.05,"h/H=0.05","covariance_sensitivity_target",NA
"clustered","MAE",NA,64,0.292744247475083,0.292744247475083,NA,">32",4,32,"above_benchmark_range",">32",512,64,"OU",0.1,"h/H=0.10","covariance_sensitivity_target",NA
"clustered","R2",NA,64,1.44697212324811,1.44697212324811,NA,">32",4,32,"above_benchmark_range",">32",512,64,"OU",0.1,"h/H=0.10","covariance_sensitivity_target",NA
"clustered","RMSE",NA,64,0.356883759091367,0.356883759091367,NA,">32",4,32,"above_benchmark_range",">32",512,64,"OU",0.1,"h/H=0.10","covariance_sensitivity_target",NA
"clustered","MAE",NA,64,0.930363902952162,0.930363902952162,4.99391269067173,"4.99",4,32,"interpolated","interpolated",512,64,"OU",0.25,"h/H=0.25","covariance_sensitivity_target",NA
"clustered","R2",NA,64,4.07355888318532,4.07355888318532,8.36794916678267,"8.37",4,32,"interpolated","interpolated",512,64,"OU",0.25,"h/H=0.25","covariance_sensitivity_target",NA
"clustered","RMSE",NA,64,0.996746183776049,0.996746183776049,5.38829763174071,"5.39",4,32,"interpolated","interpolated",512,64,"OU",0.25,"h/H=0.25","covariance_sensitivity_target",NA
"clustered","MAE",NA,64,1.50919512888108,1.50919512888108,NA,"<4",4,32,"below_benchmark_range","<4",512,64,"OU",0.5,"h/H=0.50","covariance_sensitivity_target",NA
"clustered","R2",NA,64,9.34059739453675,9.34059739453675,5.37875316701445,"5.38",4,32,"interpolated","interpolated",512,64,"OU",0.5,"h/H=0.50","covariance_sensitivity_target",NA
"clustered","RMSE",NA,64,1.50216907271316,1.50216907271316,NA,"<4",4,32,"below_benchmark_range","<4",512,64,"OU",0.5,"h/H=0.50","covariance_sensitivity_target",NA
"clustered","MAE",NA,64,1.26018007548116,1.26018007548116,NA,"<4",4,32,"below_benchmark_range","<4",512,64,"OU",1,"h/H=1.00","covariance_sensitivity_target",NA
"clustered","R2",NA,64,9.63563552999807,9.63563552999807,5.27247625325607,"5.27",4,32,"interpolated","interpolated",512,64,"OU",1,"h/H=1.00","covariance_sensitivity_target",NA
"clustered","RMSE",NA,64,1.26032368025822,1.26032368025822,NA,"<4",4,32,"below_benchmark_range","<4",512,64,"OU",1,"h/H=1.00","covariance_sensitivity_target",NA
"dispersed","MAE",NA,64,0.664362238416485,0.664362238416485,9.98818488016446,"9.99",4,32,"interpolated","interpolated",512,64,"BM",NA,"BM","BM_target",NA
"dispersed","R2",NA,64,2.89443979518281,2.89443979518281,13.2825495219834,"13.28",4,32,"interpolated","interpolated",512,64,"BM",NA,"BM","BM_target",NA
"dispersed","RMSE",NA,64,0.696183651331549,0.696183651331549,12.0358873153795,"12.04",4,32,"interpolated","interpolated",512,64,"BM",NA,"BM","BM_target",NA
"dispersed","MAE",NA,64,0.496508695252546,0.496508695252546,21.7767617156042,"21.78",4,32,"interpolated","interpolated",512,64,"EB",-1,"EB r=-1.00","covariance_sensitivity_target",NA
"dispersed","R2",NA,64,2.03778082219733,2.03778082219733,21.3344931112912,"21.33",4,32,"interpolated","interpolated",512,64,"EB",-1,"EB r=-1.00","covariance_sensitivity_target",NA
"dispersed","RMSE",NA,64,0.524556431754862,0.524556431754862,23.3665940834658,"23.37",4,32,"interpolated","interpolated",512,64,"EB",-1,"EB r=-1.00","covariance_sensitivity_target",NA
"dispersed","MAE",NA,64,0.666605619085919,0.666605619085919,9.96621290667375,"9.97",4,32,"interpolated","interpolated",512,64,"EB",-0.5,"EB r=-0.50","covariance_sensitivity_target",NA
"dispersed","R2",NA,64,2.24224594315818,2.24224594315818,20.4570236866294,"20.46",4,32,"interpolated","interpolated",512,64,"EB",-0.5,"EB r=-0.50","covariance_sensitivity_target",NA
"dispersed","RMSE",NA,64,0.761064134388382,0.761064134388382,9.17424800899145,"9.17",4,32,"interpolated","interpolated",512,64,"EB",-0.5,"EB r=-0.50","covariance_sensitivity_target",NA
"dispersed","MAE",NA,64,0.621105145035826,0.621105145035826,11.4314687235226,"11.43",4,32,"interpolated","interpolated",512,64,"EB",-0.1,"EB r=-0.10","covariance_sensitivity_target",NA
"dispersed","R2",NA,64,2.90558220264087,2.90558220264087,13.1220251047916,"13.12",4,32,"interpolated","interpolated",512,64,"EB",-0.1,"EB r=-0.10","covariance_sensitivity_target",NA
"dispersed","RMSE",NA,64,0.701373572116039,0.701373572116039,11.6450340886992,"11.65",4,32,"interpolated","interpolated",512,64,"EB",-0.1,"EB r=-0.10","covariance_sensitivity_target",NA
"dispersed","MAE",NA,64,0.287059468552031,0.287059468552031,NA,">32",4,32,"above_benchmark_range",">32",512,64,"lambda_BM",0,"lambda=0.00","lambda0_independent_target",NA
"dispersed","R2",NA,64,1.0927343778459,1.0927343778459,NA,">32",4,32,"above_benchmark_range",">32",512,64,"lambda_BM",0,"lambda=0.00","lambda0_independent_target",NA
"dispersed","RMSE",NA,64,0.35475771730142,0.35475771730142,NA,">32",4,32,"above_benchmark_range",">32",512,64,"lambda_BM",0,"lambda=0.00","lambda0_independent_target",NA
"dispersed","MAE",NA,64,0.334249919627073,0.334249919627073,NA,">32",4,32,"above_benchmark_range",">32",512,64,"lambda_BM",0.1,"lambda=0.10","covariance_sensitivity_target",NA
"dispersed","R2",NA,64,1.15722551555806,1.15722551555806,NA,">32",4,32,"above_benchmark_range",">32",512,64,"lambda_BM",0.1,"lambda=0.10","covariance_sensitivity_target",NA
"dispersed","RMSE",NA,64,0.362106369537395,0.362106369537395,NA,">32",4,32,"above_benchmark_range",">32",512,64,"lambda_BM",0.1,"lambda=0.10","covariance_sensitivity_target",NA
"dispersed","MAE",NA,64,0.316774555865868,0.316774555865868,NA,">32",4,32,"above_benchmark_range",">32",512,64,"lambda_BM",0.25,"lambda=0.25","covariance_sensitivity_target",NA
"dispersed","R2",NA,64,0.920163112906389,0.920163112906389,NA,">32",4,32,"above_benchmark_range",">32",512,64,"lambda_BM",0.25,"lambda=0.25","covariance_sensitivity_target",NA
"dispersed","RMSE",NA,64,0.375383482285132,0.375383482285132,NA,">32",4,32,"above_benchmark_range",">32",512,64,"lambda_BM",0.25,"lambda=0.25","covariance_sensitivity_target",NA
"dispersed","MAE",NA,64,0.38377371443836,0.38377371443836,31.2962659796335,"31.30",4,32,"interpolated","interpolated",512,64,"lambda_BM",0.5,"lambda=0.50","covariance_sensitivity_target",NA
"dispersed","R2",NA,64,1.6507497914621,1.6507497914621,26.8450995586701,"26.85",4,32,"interpolated","interpolated",512,64,"lambda_BM",0.5,"lambda=0.50","covariance_sensitivity_target",NA
"dispersed","RMSE",NA,64,0.43286493094051,0.43286493094051,31.5456966626123,"31.55",4,32,"interpolated","interpolated",512,64,"lambda_BM",0.5,"lambda=0.50","covariance_sensitivity_target",NA
"dispersed","MAE",NA,64,0.515108179058606,0.515108179058606,20.0717028434755,"20.07",4,32,"interpolated","interpolated",512,64,"lambda_BM",0.75,"lambda=0.75","covariance_sensitivity_target",NA
"dispersed","R2",NA,64,1.99092854379785,1.99092854379785,21.4286343165567,"21.43",4,32,"interpolated","interpolated",512,64,"lambda_BM",0.75,"lambda=0.75","covariance_sensitivity_target",NA
"dispersed","RMSE",NA,64,0.57902728462229,0.57902728462229,20.858429825148,"20.86",4,32,"interpolated","interpolated",512,64,"lambda_BM",0.75,"lambda=0.75","covariance_sensitivity_target",NA
"dispersed","MAE",NA,64,0.633793722946973,0.633793722946973,10.7681230441736,"10.77",4,32,"interpolated","interpolated",512,64,"lambda_BM",1,"lambda=1.00","covariance_sensitivity_target",NA
"dispersed","R2",NA,64,2.69510858407774,2.69510858407774,14.5296729654137,"14.53",4,32,"interpolated","interpolated",512,64,"lambda_BM",1,"lambda=1.00","covariance_sensitivity_target",NA
"dispersed","RMSE",NA,64,0.694360715573173,0.694360715573173,12.173172710047,"12.17",4,32,"interpolated","interpolated",512,64,"lambda_BM",1,"lambda=1.00","covariance_sensitivity_target",NA
"dispersed","MAE",NA,64,0.285319730993709,0.285319730993709,NA,">32",4,32,"above_benchmark_range",">32",512,64,"OU",0.05,"h/H=0.05","covariance_sensitivity_target",NA
"dispersed","R2",NA,64,0.984079711636781,0.984079711636781,NA,">32",4,32,"above_benchmark_range",">32",512,64,"OU",0.05,"h/H=0.05","covariance_sensitivity_target",NA
"dispersed","RMSE",NA,64,0.341144936425211,0.341144936425211,NA,">32",4,32,"above_benchmark_range",">32",512,64,"OU",0.05,"h/H=0.05","covariance_sensitivity_target",NA
"dispersed","MAE",NA,64,0.284886529575787,0.284886529575787,NA,">32",4,32,"above_benchmark_range",">32",512,64,"OU",0.1,"h/H=0.10","covariance_sensitivity_target",NA
"dispersed","R2",NA,64,0.979098047974707,0.979098047974707,NA,">32",4,32,"above_benchmark_range",">32",512,64,"OU",0.1,"h/H=0.10","covariance_sensitivity_target",NA
"dispersed","RMSE",NA,64,0.331726318821718,0.331726318821718,NA,">32",4,32,"above_benchmark_range",">32",512,64,"OU",0.1,"h/H=0.10","covariance_sensitivity_target",NA
"dispersed","MAE",NA,64,0.291637966618649,0.291637966618649,NA,">32",4,32,"above_benchmark_range",">32",512,64,"OU",0.25,"h/H=0.25","covariance_sensitivity_target",NA
"dispersed","R2",NA,64,1.16560933503975,1.16560933503975,NA,">32",4,32,"above_benchmark_range",">32",512,64,"OU",0.25,"h/H=0.25","covariance_sensitivity_target",NA
"dispersed","RMSE",NA,64,0.341458780540919,0.341458780540919,NA,">32",4,32,"above_benchmark_range",">32",512,64,"OU",0.25,"h/H=0.25","covariance_sensitivity_target",NA
"dispersed","MAE",NA,64,0.393716379142957,0.393716379142957,30.8738503538085,"30.87",4,32,"interpolated","interpolated",512,64,"OU",0.5,"h/H=0.50","covariance_sensitivity_target",NA
"dispersed","R2",NA,64,1.32530425306858,1.32530425306858,NA,">32",4,32,"above_benchmark_range",">32",512,64,"OU",0.5,"h/H=0.50","covariance_sensitivity_target",NA
"dispersed","RMSE",NA,64,0.492403180314164,0.492403180314164,28.3525117586754,"28.35",4,32,"interpolated","interpolated",512,64,"OU",0.5,"h/H=0.50","covariance_sensitivity_target",NA
"dispersed","MAE",NA,64,0.410510441670624,0.410510441670624,30.160352046912,"30.16",4,32,"interpolated","interpolated",512,64,"OU",1,"h/H=1.00","covariance_sensitivity_target",NA
"dispersed","R2",NA,64,1.53649114346242,1.53649114346242,29.53088255677,"29.53",4,32,"interpolated","interpolated",512,64,"OU",1,"h/H=1.00","covariance_sensitivity_target",NA
"dispersed","RMSE",NA,64,0.506489284175089,0.506489284175089,23.914595293009,"23.91",4,32,"interpolated","interpolated",512,64,"OU",1,"h/H=1.00","covariance_sensitivity_target",NA
